{
  "ac": {
    "ac_nrmse_db": 0.2616178315473795,
    "ac_rmse_db": 56.4878943956647,
    "attenuation_high_probe_db_rel_mid": -32.34747282001962,
    "attenuation_low_probe_db_rel_mid": -20.543925647824498,
    "lower_3db_hz": 11.69723989813073,
    "midband_gain_db": 33.84690969105137,
    "midband_gain_vv": 49.243111259259315,
    "passband_ripple_db": 8.052540538561438,
    "upper_3db_hz": 5299.095871785671
  },
  "area_power": {
    "area_total_p": 407.65,
    "device_rows": [
      {
        "area_p_each": 134.54999999999998,
        "area_p_total": 134.54999999999998,
        "area_source": "devices_csv",
        "count": 1.0,
        "effective_count": 1.0,
        "included": true,
        "name": "CIN",
        "netlist_m": 1.0,
        "type": "capacitor"
      },
      {
        "area_p_each": 1.0,
        "area_p_total": 4.0,
        "area_source": "devices_csv",
        "count": 4.0,
        "effective_count": 4.0,
        "included": true,
        "name": "Q1",
        "netlist_m": 1.0,
        "type": "npn"
      },
      {
        "area_p_each": 134.54999999999998,
        "area_p_total": 134.54999999999998,
        "area_source": "devices_csv",
        "count": 1.0,
        "effective_count": 1.0,
        "included": true,
        "name": "CE",
        "netlist_m": 1.0,
        "type": "capacitor"
      },
      {
        "area_p_each": 134.54999999999998,
        "area_p_total": 134.54999999999998,
        "area_source": "devices_csv",
        "count": 1.0,
        "effective_count": 1.0,
        "included": true,
        "name": "COUT",
        "netlist_m": 1.0,
        "type": "capacitor"
      }
    ],
    "power_dc_w": 0.0,
    "power_dynamic_w": 0.0020764486158750023,
    "power_score_basis_w": 0.0020764486158750023,
    "static_current_a": 0.0
  },
  "design_name": "seed_0_7f3a9c2e_trial_1",
  "performance_nrmse_combined": 0.8962233489279476,
  "tran": {
    "fft_fundamental_hz": 1000.0,
    "thd_db": -63.557917811835374,
    "thd_ratio_h2_to_h5": 0.0006639022024756488,
    "tran_ac_nrmse_vs_target_filter": 1.530828866308516,
    "tran_ac_rmse_v": 0.10823133824472388,
    "tran_nrmse_vs_target_filter": 1.530828866308516,
    "tran_rmse_v": 0.10823133824472388,
    "vin_dc_removed_v": 2.499999504121767,
    "vout_ac_peak_to_peak_v": 0.10803152380952397,
    "vout_dc_removed_v": 1.463601768177001,
    "vout_mean_v": 1.463601768177001,
    "vout_peak_to_peak_v": 0.10803152380952397
  }
}
