{
  "ac": {
    "ac_nrmse_db": 0.25576935426165753,
    "ac_rmse_db": 55.22510521444838,
    "attenuation_high_probe_db_rel_mid": -18.666847458092064,
    "attenuation_low_probe_db_rel_mid": -31.45586644756183,
    "lower_3db_hz": 25.5086970847,
    "midband_gain_db": 27.01803585296625,
    "midband_gain_vv": 22.433745703703718,
    "passband_ripple_db": 4.546484821099952,
    "upper_3db_hz": 24669.017288033763
  },
  "area_power": {
    "area_total_p": 405.65,
    "device_rows": [
      {
        "area_p_each": 134.54999999999998,
        "area_p_total": 134.54999999999998,
        "area_source": "devices_csv",
        "count": 1.0,
        "effective_count": 1.0,
        "included": true,
        "name": "CIN",
        "netlist_m": 1.0,
        "type": "capacitor"
      },
      {
        "area_p_each": 1.0,
        "area_p_total": 2.0,
        "area_source": "devices_csv",
        "count": 2.0,
        "effective_count": 2.0,
        "included": true,
        "name": "Q1",
        "netlist_m": 1.0,
        "type": "npn"
      },
      {
        "area_p_each": 134.54999999999998,
        "area_p_total": 134.54999999999998,
        "area_source": "devices_csv",
        "count": 1.0,
        "effective_count": 1.0,
        "included": true,
        "name": "CE",
        "netlist_m": 1.0,
        "type": "capacitor"
      },
      {
        "area_p_each": 134.54999999999998,
        "area_p_total": 134.54999999999998,
        "area_source": "devices_csv",
        "count": 1.0,
        "effective_count": 1.0,
        "included": true,
        "name": "COUT",
        "netlist_m": 1.0,
        "type": "capacitor"
      }
    ],
    "power_dc_w": 0.0,
    "power_dynamic_w": 0.002676630695975002,
    "power_score_basis_w": 0.002676630695975002,
    "static_current_a": 0.0
  },
  "design_name": "seed_0_7f3a9c2e_trial_0",
  "performance_nrmse_combined": 0.7466366762178055,
  "tran": {
    "fft_fundamental_hz": 1000.0,
    "thd_db": -60.40818958700665,
    "thd_ratio_h2_to_h5": 0.0009540925850655776,
    "tran_ac_nrmse_vs_target_filter": 1.2375039981739535,
    "tran_ac_rmse_v": 0.08749293716190636,
    "tran_nrmse_vs_target_filter": 1.2375039981739535,
    "tran_rmse_v": 0.08749293716190636,
    "vin_dc_removed_v": 2.499999504121767,
    "vout_ac_peak_to_peak_v": 0.047618957264956574,
    "vout_dc_removed_v": 3.233394189769702,
    "vout_mean_v": 3.233394189769702,
    "vout_peak_to_peak_v": 0.047618957264956574
  }
}
