{
  "ac": {
    "ac_nrmse_db": 0.13929601737732372,
    "ac_rmse_db": 30.076461809989166,
    "attenuation_high_probe_db_rel_mid": -33.69456779569479,
    "attenuation_low_probe_db_rel_mid": -49.63168631918951,
    "lower_3db_hz": 9.741576937920062,
    "midband_gain_db": 39.850277100146464,
    "midband_gain_vv": 98.29102296296296,
    "passband_ripple_db": 1.2509737030151626,
    "upper_3db_hz": 17653.63510119249
  },
  "area_power": {
    "area_total_p": 1670.1999999999998,
    "device_rows": [
      {
        "area_p_each": 1000.0,
        "area_p_total": 1000.0,
        "count": 1.0,
        "effective_count": 1.0,
        "included": true,
        "name": "XVA_OPAMP_EQUIV",
        "netlist_m": 1.0,
        "type": "opamp"
      },
      {
        "area_p_each": 200.55,
        "area_p_total": 200.55,
        "count": 1.0,
        "effective_count": 1.0,
        "included": true,
        "name": "RREF_TOP",
        "netlist_m": 1.0,
        "type": "resistor"
      },
      {
        "area_p_each": 200.55,
        "area_p_total": 200.55,
        "count": 1.0,
        "effective_count": 1.0,
        "included": true,
        "name": "RREF_BOT",
        "netlist_m": 1.0,
        "type": "resistor"
      },
      {
        "area_p_each": 134.54999999999998,
        "area_p_total": 269.09999999999997,
        "count": 2.0,
        "effective_count": 2.0,
        "included": true,
        "name": "CINT_EQUIV",
        "netlist_m": 1.0,
        "type": "capacitor"
      }
    ],
    "power_dc_w": 0.0035,
    "power_dynamic_w": 0.00016824120609750085,
    "power_score_basis_w": 0.0035,
    "static_current_a": 0.0007
  },
  "design_name": "veriloga_dummy_neural_amp",
  "performance_nrmse_combined": 0.09905806774919187,
  "tran": {
    "fft_fundamental_hz": 1000.0,
    "thd_db": -53.10537231747193,
    "thd_ratio_h2_to_h5": 0.002211726309619886,
    "tran_ac_nrmse_vs_target_filter": 0.05882011812106002,
    "tran_ac_rmse_v": 0.004158649108379205,
    "tran_nrmse_vs_target_filter": 0.05882011812106002,
    "tran_rmse_v": 0.004158649108379205,
    "vin_dc_removed_v": 2.499999504121767,
    "vout_ac_peak_to_peak_v": 0.2022497216117216,
    "vout_dc_removed_v": 2.500034232737551,
    "vout_mean_v": 2.500034232737551,
    "vout_peak_to_peak_v": 0.2022497216117216
  }
}
