{
  "CE1_m": 62929413.56671064,
  "CE2_m": 64133103.032717444,
  "CIN1_m": 2486389.3993630577,
  "CIN2_m": 726723.2575338605,
  "CP1_m": 1588.5166830815074,
  "CP2_m": 1501.1171621656592,
  "CP3_m": 10608.400097644913,
  "RBIN1_l": 5118.077972028853,
  "RBIN2_l": 1000.648939564628,
  "RBUF_l": 7007.376790168719,
  "RQ4FB_l": 15719.461850868396
}
