{
  "ac": {
    "ac_nrmse_db": 0.270058267709754,
    "ac_rmse_db": 58.31033311772565,
    "attenuation_high_probe_db_rel_mid": -3.5238626429502418,
    "attenuation_low_probe_db_rel_mid": -41.31684833089933,
    "lower_3db_hz": 48.923145525714204,
    "midband_gain_db": 20.879152491296054,
    "midband_gain_vv": 11.065158125925922,
    "passband_ripple_db": 9.843288217656838,
    "upper_3db_hz": 181812.592742139
  },
  "area_power": {
    "area_total_p": 406.65,
    "device_rows": [
      {
        "area_p_each": 134.54999999999998,
        "area_p_total": 134.54999999999998,
        "area_source": "devices_csv",
        "count": 1.0,
        "effective_count": 1.0,
        "included": true,
        "name": "CIN",
        "netlist_m": 1.0,
        "type": "capacitor"
      },
      {
        "area_p_each": 1.0,
        "area_p_total": 3.0,
        "area_source": "devices_csv",
        "count": 3.0,
        "effective_count": 3.0,
        "included": true,
        "name": "Q1",
        "netlist_m": 1.0,
        "type": "npn"
      },
      {
        "area_p_each": 134.54999999999998,
        "area_p_total": 134.54999999999998,
        "area_source": "devices_csv",
        "count": 1.0,
        "effective_count": 1.0,
        "included": true,
        "name": "CE",
        "netlist_m": 1.0,
        "type": "capacitor"
      },
      {
        "area_p_each": 134.54999999999998,
        "area_p_total": 134.54999999999998,
        "area_source": "devices_csv",
        "count": 1.0,
        "effective_count": 1.0,
        "included": true,
        "name": "COUT",
        "netlist_m": 1.0,
        "type": "capacitor"
      }
    ],
    "power_dc_w": 0.0,
    "power_dynamic_w": 0.002023930809349996,
    "power_score_basis_w": 0.002023930809349996,
    "static_current_a": 0.0
  },
  "design_name": "seed_0_7f3a9c2e_trial_4",
  "performance_nrmse_combined": 0.6975324970859168,
  "tran": {
    "fft_fundamental_hz": 1000.0,
    "thd_db": -55.96132714163001,
    "thd_ratio_h2_to_h5": 0.001591965467563729,
    "tran_ac_nrmse_vs_target_filter": 1.1250067264620796,
    "tran_ac_rmse_v": 0.0795392523743851,
    "tran_nrmse_vs_target_filter": 1.1250067264620796,
    "tran_rmse_v": 0.0795392523743851,
    "vin_dc_removed_v": 2.499999504121767,
    "vout_ac_peak_to_peak_v": 0.025161628815629555,
    "vout_dc_removed_v": 4.2366539161664525,
    "vout_mean_v": 4.2366539161664525,
    "vout_peak_to_peak_v": 0.025161628815629555
  }
}
