{
  "ac": {
    "ac_nrmse_db": 0.24958160375690847,
    "ac_rmse_db": 53.88906097391776,
    "attenuation_high_probe_db_rel_mid": -5.33768250956253,
    "attenuation_low_probe_db_rel_mid": -22.87611873578785,
    "lower_3db_hz": 14.419884536136971,
    "midband_gain_db": -7.088240705710529,
    "midband_gain_vv": 0.44216866740740746,
    "passband_ripple_db": 1.7891619164393866,
    "upper_3db_hz": 129641.71207110892
  },
  "area_power": {
    "area_total_p": 406.65,
    "device_rows": [
      {
        "area_p_each": 134.54999999999998,
        "area_p_total": 134.54999999999998,
        "area_source": "devices_csv",
        "count": 1.0,
        "effective_count": 1.0,
        "included": true,
        "name": "CIN",
        "netlist_m": 1.0,
        "type": "capacitor"
      },
      {
        "area_p_each": 1.0,
        "area_p_total": 3.0,
        "area_source": "devices_csv",
        "count": 3.0,
        "effective_count": 3.0,
        "included": true,
        "name": "Q1",
        "netlist_m": 1.0,
        "type": "npn"
      },
      {
        "area_p_each": 134.54999999999998,
        "area_p_total": 134.54999999999998,
        "area_source": "devices_csv",
        "count": 1.0,
        "effective_count": 1.0,
        "included": true,
        "name": "CE",
        "netlist_m": 1.0,
        "type": "capacitor"
      },
      {
        "area_p_each": 134.54999999999998,
        "area_p_total": 134.54999999999998,
        "area_source": "devices_csv",
        "count": 1.0,
        "effective_count": 1.0,
        "included": true,
        "name": "COUT",
        "netlist_m": 1.0,
        "type": "capacitor"
      }
    ],
    "power_dc_w": 0.0,
    "power_dynamic_w": 0.0012914947808749953,
    "power_score_basis_w": 0.0012914947808749953,
    "static_current_a": 0.0
  },
  "design_name": "seed_0_7f3a9c2e_trial_3",
  "performance_nrmse_combined": 0.6270430644572073,
  "tran": {
    "fft_fundamental_hz": 1000.0,
    "thd_db": -43.90076005703644,
    "thd_ratio_h2_to_h5": 0.006382076375153298,
    "tran_ac_nrmse_vs_target_filter": 1.004504525157506,
    "tran_ac_rmse_v": 0.07101960997955672,
    "tran_nrmse_vs_target_filter": 1.004504525157506,
    "tran_rmse_v": 0.07101960997955672,
    "vin_dc_removed_v": 2.499999504121767,
    "vout_ac_peak_to_peak_v": 0.0009037908424908148,
    "vout_dc_removed_v": 0.873158546908806,
    "vout_mean_v": 0.873158546908806,
    "vout_peak_to_peak_v": 0.0009037908424908148
  }
}
